{"schemaVersion":"1.0","appDefinitionTemplate":{"id":"/providers/Microsoft.PowerApps/apps/","type":"Microsoft.PowerApps/apps","tags":{"primaryDeviceWidth":"640","primaryDeviceHeight":"1136","sienaVersion":"20200913T141501Z-3.20085.19.0","deviceCapabilities":"","supportsPortrait":"true","supportsLandscape":"false","primaryFormFactor":"Phone","publisherVersion":"3.20085.19","minimumRequiredApiVersion":"2.2.0","hasComponent":"false","hasUnlockedComponent":"false","isUnifiedRootApp":"false"},"properties":{"appVersion":"2020-09-13T14:15:01Z","lifeCycleId":"Published","createdByClientVersion":{"major":3,"minor":20085,"build":19,"revision":0,"majorRevision":0,"minorRevision":0},"minClientVersion":{"major":3,"minor":20085,"build":19,"revision":0,"majorRevision":0,"minorRevision":0},"backgroundColor":"rgba(0, 176, 240, 1)","backgroundImageUri":"/1363947465293142702/Nbd1d5deb-dbd1-4820-8e49-18b638aa9942-logoSmallFile","displayName":"MSA2020-Assignment 3, Fastpay","description":"","commitMessage":"","appUris":{"documentUri":{"value":"/1363947465293142702/N85d2f3fe-6f3e-4832-8332-dd767b21e8e4-document.msapp","readonlyValue":"/1363947465293142702/N85d2f3fe-6f3e-4832-8332-dd767b21e8e4-document.msapp"},"imageUris":[]},"createdTime":"0001-01-01T00:00:00Z","lastModifiedTime":"0001-01-01T00:00:00Z","sharedGroupsCount":0,"sharedUsersCount":0,"icons":{"smallIconUri":"/1363947465293142702/N21a35e10-6874-48e9-ba85-2dfe1d0f87cd-small.png","mediumIconUri":"/1363947465293142702/N12e04ccf-b8d7-454a-8090-bf65b78cd110-medium.png","largeIconUri":"/1363947465293142702/Nc9e118c3-d30d-46a7-8569-09e856c8fa12-large.png","wideIconUri":"/1363947465293142702/N9b0a101a-4b92-4205-af8b-eaf176be9553-wide.png"},"connectionReferences":{"12260d81-ef80-43a9-80b2-cb949f0b5661":{"id":"ebf122e5-ccf5-44d5-99d8-b2b528eaa09b","displayName":"Excel","iconUri":"https://connectoricons-prod.azureedge.net/excel/icon_1.0.1352.2014.png","dataSources":["Table1"],"dependencies":["3d262868-6297-4cd6-bd29-0cc90d9c7c8b"],"dependents":[],"parameterHints":{"3d262868-6297-4cd6-bd29-0cc90d9c7c8b":{"value":"fileSource"}},"isOnPremiseConnection":false,"dataSets":{"b!gU47b4Junk-4B3nybPwCOTb8dNvkNZlJs91AXeG_NaOt0NECHGrHTJUvG5R-qzhA.01GLRYSLYLMQG6JKRNJRBLNPX5PYKLCJV3":{"dataSources":{"Table1":{"tableName":"Table1"}}}},"apiTier":"Standard","isCustomApiConnection":false},"3d262868-6297-4cd6-bd29-0cc90d9c7c8b":{"id":"6922c416-32b6-49e7-848c-47613c12bcf9","displayName":"OneDrive for Business","iconUri":"https://connectoricons-prod.azureedge.net/onedriveforbusiness/icon_1.0.1341.1987.png","dataSources":[],"dependencies":[],"dependents":["12260d81-ef80-43a9-80b2-cb949f0b5661"],"parameterHints":{},"isOnPremiseConnection":false,"dataSets":{},"apiTier":"Standard","isCustomApiConnection":false}},"databaseReferences":{},"almMode":"Environment","performanceOptimizationEnabled":true,"canConsumeAppPass":true},"isAppComponentLibrary":false,"appType":"ClassicCanvasApp","appComponents":[]}}